<?xml version="1.0" encoding="UTF-8" standalone="yes"?>
<addon id="plugin.audio.artradio" name="Art Radio" version="1.3" provider-name="ARTPro©">
	<extension point="xbmc.python.pluginsource" library="start.py">
		<provides>audio</provides>
	</extension>
	<extension  point="xbmc.addon.metadata">
		<platform>all</platform>
		<summary lang="nl">Nederlandse radiostreams in een plugin verwerkt</summary>
		<description lang="nl">Luister naar jou favoriete NL radiozender en enkele buitenlandse</description>
		<disclaimer>Deze Kodi plugin zal steeds verder uitgebreid worden door nieuwe updates</disclaimer>
		<language>nl</language>
		<platform>all</platform>
	</extension>
</addon>
